{"cameraMode":{"drawMode":0,"name":"Shaded","section":"Shading Mode"},"sceneLighting":true,"audioPlay":false,"sceneViewState":{"m_AlwaysRefresh":false,"showFog":false,"showSkybox":false,"showFlares":false,"showImageEffects":false,"showParticleSystems":false,"showVisualEffectGraphs":true,"m_FxEnabled":true},"in2DMode":false,"pivot":{"x":-0.06974085420370102,"y":4.265105247497559,"z":-1.3182463645935059},"rotation":{"x":-0.20582962036132813,"y":0.003520384430885315,"z":-0.0007468474213965237,"w":-0.978594183921814},"size":10.381425857543946,"orthographic":false}